{
    "step": 21,
    "val": {
        "loss": 0.6449501514434814,
        "acc": 0.6494117379188538
    },
    "epoch": 11,
    "train": {
        "loss": 0.6428448557853699,
        "acc": 0.6438679099082947
    }
}