{
    "step": 21,
    "val": {
        "loss": 0.6493259072303772,
        "acc": 0.6347059011459351
    },
    "epoch": 10,
    "train": {
        "loss": 0.6379960775375366,
        "acc": 0.6465212106704712
    }
}