{
    "step": 27,
    "val": {
        "loss": 0.657060980796814,
        "acc": 0.6458823680877686
    },
    "epoch": 14,
    "train": {
        "loss": 0.630082905292511,
        "acc": 0.6454893946647644
    }
}