{
    "step": 21,
    "val": {
        "loss": 0.6439567804336548,
        "acc": 0.6494117379188538
    },
    "epoch": 10,
    "train": {
        "loss": 0.6439805626869202,
        "acc": 0.6443101167678833
    }
}