{
    "step": 29,
    "val": {
        "loss": 0.655815601348877,
        "acc": 0.6235294342041016
    },
    "epoch": 14,
    "train": {
        "loss": 0.6227790713310242,
        "acc": 0.6556603908538818
    }
}