{
    "step": 21,
    "val": {
        "loss": 0.644987165927887,
        "acc": 0.6494117379188538
    },
    "epoch": 11,
    "train": {
        "loss": 0.6428530216217041,
        "acc": 0.6438679099082947
    }
}