{
    "step": 21,
    "val": {
        "loss": 0.6439809203147888,
        "acc": 0.6494117379188538
    },
    "epoch": 10,
    "train": {
        "loss": 0.6439268589019775,
        "acc": 0.6443101167678833
    }
}