{
    "step": 21,
    "val": {
        "loss": 0.6439211368560791,
        "acc": 0.6494117379188538
    },
    "epoch": 10,
    "train": {
        "loss": 0.6439719796180725,
        "acc": 0.6443101167678833
    }
}