{
    "step": 27,
    "val_loss": 0.657060980796814,
    "val_acc": 0.6458823680877686,
    "epoch": 14,
    "train_loss": 0.630082905292511,
    "train_acc": 0.6454893946647644
}