{
    "step": 21,
    "val": {
        "loss": 0.6439712047576904,
        "acc": 0.6494117379188538
    },
    "epoch": 10,
    "train": {
        "loss": 0.6441056728363037,
        "acc": 0.6443101167678833
    }
}