{
    "step": 21,
    "val": {
        "loss": 0.6451695561408997,
        "acc": 0.6494117379188538
    },
    "epoch": 11,
    "train": {
        "loss": 0.642712414264679,
        "acc": 0.6437205076217651
    }
}