{
    "step": 21,
    "val": {
        "loss": 0.643994927406311,
        "acc": 0.6494117379188538
    },
    "epoch": 10,
    "train": {
        "loss": 0.6439475417137146,
        "acc": 0.6443101167678833
    }
}