{
    "step": 179,
    "train": {
        "loss_step": 0.6727680563926697,
        "acc_step": 0.59375,
        "loss_epoch": 0.6526166796684265,
        "acc_epoch": 0.6418042182922363
    },
    "epoch": 2,
    "val": {
        "loss_step": 0.482474684715271,
        "acc_step": 1.0,
        "loss_epoch": 0.64715576171875,
        "acc_epoch": 0.6564705967903137
    }
}