{
    "step": 21,
    "val": {
        "loss": 0.665275514125824,
        "acc": 0.6276470422744751
    },
    "epoch": 10,
    "train": {
        "loss": 0.6323664784431458,
        "acc": 0.6505011916160583
    }
}