{
    "step": 1555,
    "train": {
        "loss_step": 0.6433570981025696,
        "acc_step": 0.625,
        "loss_epoch": 0.6154043674468994,
        "acc_epoch": 0.6684846878051758
    },
    "epoch": 49,
    "val": {
        "loss_step": 0.6330049633979797,
        "acc_step": 0.6666666865348816,
        "loss_epoch": 0.6468544006347656,
        "acc_epoch": 0.6505882143974304
    }
}