{
    "step": 99,
    "val": {
        "loss": 2.634265184402466,
        "acc": 0.7358823418617249
    },
    "epoch": 49,
    "train": {
        "loss": 0.010380156338214874,
        "acc": 0.998235285282135
    }
}