{
    "step": 7,
    "val": {
        "loss": 0.650760293006897,
        "acc": 0.7411764860153198
    },
    "epoch": 3,
    "train": {
        "loss": 0.29012221097946167,
        "acc": 0.8952941298484802
    }
}