{
    "step": 25,
    "val": {
        "loss": 1.6428091526031494,
        "acc": 0.7305882573127747
    },
    "epoch": 13,
    "train": {
        "loss": 0.0555032454431057,
        "acc": 0.9873529672622681
    }
}