{
    "step": 5,
    "val": {
        "loss": 0.6544326543807983,
        "acc": 0.6382352709770203
    },
    "epoch": 2,
    "train": {
        "loss": 0.6504126191139221,
        "acc": 0.6464706063270569
    }
}