{
    "step": 27,
    "val": {
        "loss": 1.7297322750091553,
        "acc": 0.7170588374137878
    },
    "epoch": 13,
    "train": {
        "loss": 0.0724715143442154,
        "acc": 0.9832352995872498
    }
}