{
    "step": 23,
    "val": {
        "loss": 1.5081501007080078,
        "acc": 0.725882351398468
    },
    "epoch": 11,
    "train": {
        "loss": 0.065833181142807,
        "acc": 0.9852941036224365
    }
}