{
    "step": 25,
    "val": {
        "loss": 1.709767460823059,
        "acc": 0.7158823609352112
    },
    "epoch": 12,
    "train": {
        "loss": 0.050750482827425,
        "acc": 0.9895588159561157
    }
}