{
    "step": 23,
    "val": {
        "loss": 1.6130070686340332,
        "acc": 0.7164705991744995
    },
    "epoch": 11,
    "train": {
        "loss": 0.06686898320913315,
        "acc": 0.9841176271438599
    }
}